input_id	dealiased_id	standard_id	short_id
doi:10.1111/j.2153-3490.1967.tb01459.x	doi:10.1111/j.2153-3490.1967.tb01459.x	doi:10.1111/j.2153-3490.1967.tb01459.x	XN3now2c
tag:bryan-69	doi:10.1016/0021-9991(69)90004-7	doi:10.1016/0021-9991(69)90004-7	FB9v9OMt
doi:10.1016/B978-0-12-409548-9.11410-1	doi:10.1016/B978-0-12-409548-9.11410-1	doi:10.1016/b978-0-12-409548-9.11410-1	1F1Ukj5fm
doi:10.17125/gov2018.ch12	doi:10.17125/gov2018.ch12	doi:10.17125/gov2018.ch12	sQkgHLsG
doi:10.1016/B978-0-12-391851-2.00020-9	doi:10.1016/B978-0-12-391851-2.00020-9	doi:10.1016/b978-0-12-391851-2.00020-9	ME1hJ6u4
doi:10.3389/fmars.2019.00065	doi:10.3389/fmars.2019.00065	doi:10.3389/fmars.2019.00065	PRsYiqNN
doi:10.2307/j.ctv301gzg	doi:10.2307/j.ctv301gzg	doi:10.2307/j.ctv301gzg	Nq2rfJgd
doi:10.1002/wcc.535	doi:10.1002/wcc.535	doi:10.1002/wcc.535	A1toPmvW
url:https://www.wmo.int/pages/prog/arep/wwrp/new/documents/Final_WWRP_2017_3_27_July.pdf	url:https://www.wmo.int/pages/prog/arep/wwrp/new/documents/Final_WWRP_2017_3_27_July.pdf	url:https://www.wmo.int/pages/prog/arep/wwrp/new/documents/Final_WWRP_2017_3_27_July.pdf	6K39ZsM1
doi:10.1175/BAMS-D-17-0036.1	doi:10.1175/BAMS-D-17-0036.1	doi:10.1175/bams-d-17-0036.1	8SbNM7MJ
doi:10.1175/BAMS-89-4-459	doi:10.1175/BAMS-89-4-459	doi:10.1175/bams-89-4-459	WM1DkQYi
doi:10.1175/2009BAMS2752.1	doi:10.1175/2009BAMS2752.1	doi:10.1175/2009bams2752.1	hN6cLB2V
doi:10.3389/fmars.2019.00417	doi:10.3389/fmars.2019.00417	doi:10.3389/fmars.2019.00417	jlRyJ6R2
doi:10.3389/fmars.2019.00031	doi:10.3389/fmars.2019.00031	doi:10.3389/fmars.2019.00031	iFntRP3a
doi:10.3389/fmars.2019.00428	doi:10.3389/fmars.2019.00428	doi:10.3389/fmars.2019.00428	RpGfz39a
doi:10.3389/fmars.2019.00232	doi:10.3389/fmars.2019.00232	doi:10.3389/fmars.2019.00232	veLBbfXi
doi:10.1029/2018JC014869	doi:10.1029/2018JC014869	doi:10.1029/2018jc014869	jyypyGB3
doi:10.5194/os-14-1405-2018	doi:10.5194/os-14-1405-2018	doi:10.5194/os-14-1405-2018	LArXpq6p
doi:10.1002/9781119176817.ecm2061	doi:10.1002/9781119176817.ecm2061	doi:10.1002/9781119176817.ecm2061	TWjDrltE
url:https://www.springer.com/gp/book/9783540263449	url:https://www.springer.com/gp/book/9783540263449	url:https://www.springer.com/gp/book/9783540263449	bg9oTRPl
doi:10.1029/177GM19	doi:10.1029/177GM19	doi:10.1029/177gm19	iU32cO3q
doi:10/d82jnp	doi:10/d82jnp	doi:10.1175/1520-0485(1987)017<1950:ns>2.0.co;2	16S3ulLaU
doi:10.1016/j.ocemod.2016.11.002	doi:10.1016/j.ocemod.2016.11.002	doi:10.1016/j.ocemod.2016.11.002	16FZGVbjq
doi:10.1175/JPO-D-11-0102.1	doi:10.1175/JPO-D-11-0102.1	doi:10.1175/jpo-d-11-0102.1	iEvd71XZ
doi:10/czj94h	doi:10/czj94h	doi:10.1016/s0021-9991(02)00020-7	1BurLi684
doi:10.1029/2019MS001810	doi:10.1029/2019MS001810	doi:10.1029/2019ms001810	15oRam722
doi:10.1029/JC092iC05p05448	doi:10.1029/JC092iC05p05448	doi:10.1029/jc092ic05p05448	s5omzFyF
doi:10.1175/MWR-D-15-0245.1	doi:10.1175/MWR-D-15-0245.1	doi:10.1175/mwr-d-15-0245.1	11iLRlCzn
doi	doi	doi	FSDqKxd0
doi:10.1016/j.ocemod.2013.02.004	doi:10.1016/j.ocemod.2013.02.004	doi:10.1016/j.ocemod.2013.02.004	aCtzxw2b
doi:10.1175/JPO-D-16-0169.1	doi:10.1175/JPO-D-16-0169.1	doi:10.1175/jpo-d-16-0169.1	1ELgTXyPE
doi:10.1007/s00382-009-0575-y	doi:10.1007/s00382-009-0575-y	doi:10.1007/s00382-009-0575-y	wgQ1IOE
doi:10.1029/2012GL051813	doi:10.1029/2012GL051813	doi:10.1029/2012gl051813	98spV0Xy
doi:10.1016/j.ocemod.2014.07.002	doi:10.1016/j.ocemod.2014.07.002	doi:10.1016/j.ocemod.2014.07.002	QLqz1ikD
doi:10.1103/PhysRevLett.72.336	doi:10.1103/PhysRevLett.72.336	doi:10.1103/physrevlett.72.336	xnFff0VE
doi:10.1146/annurev.fluid.32.1.1	doi:10.1146/annurev.fluid.32.1.1	doi:10.1146/annurev.fluid.32.1.1	L6tNOjdt
doi:10.1016/j.ocemod.2013.10.005	doi:10.1016/j.ocemod.2013.10.005	doi:10.1016/j.ocemod.2013.10.005	gX7w13Ui
doi:10.1016/j.ocemod.2013.05.004	doi:10.1016/j.ocemod.2013.05.004	doi:10.1016/j.ocemod.2013.05.004	1G83FZaTA
doi:10.1029/2018JC014628	doi:10.1029/2018JC014628	doi:10.1029/2018jc014628	19MoLbc9y
doi:10.1175/JCLI-D-19-0484.1	doi:10.1175/JCLI-D-19-0484.1	doi:10.1175/jcli-d-19-0484.1	6CQsVTjD
doi:10.1029/2018GL081211	doi:10.1029/2018GL081211	doi:10.1029/2018gl081211	NmKQgF3l
doi:10.1017/S1350482701003073	doi:10.1017/S1350482701003073	doi:10.1017/s1350482701003073	cidETWYD
doi:10.1175/MWR2949.1	doi:10.1175/MWR2949.1	doi:10.1175/mwr2949.1	auaKVbnh
doi:10.1175/JPO-D-17-0136.1	doi:10.1175/JPO-D-17-0136.1	doi:10.1175/jpo-d-17-0136.1	jHnbYGh6
doi:10.1175/JCLI-D-11-00077.1	doi:10.1175/JCLI-D-11-00077.1	doi:10.1175/jcli-d-11-00077.1	HG9jfyuw
doi:10.1175/JPO-D-14-0163.1	doi:10.1175/JPO-D-14-0163.1	doi:10.1175/jpo-d-14-0163.1	1BIO8o4Ez
doi:10.1175/JCLI-D-17-0168.1	doi:10.1175/JCLI-D-17-0168.1	doi:10.1175/jcli-d-17-0168.1	63Pfx20q
doi:10.1002/2017GL073026	doi:10.1002/2017GL073026	doi:10.1002/2017gl073026	5w57uJMB
doi:10.5670/oceanog.2018.210	doi:10.5670/oceanog.2018.210	doi:10.5670/oceanog.2018.210	mK4aqzJL
doi:10.1002/qj.3397	doi:10.1002/qj.3397	doi:10.1002/qj.3397	2en66g59
doi:10.5194/gmd-10-1091-2017	doi:10.5194/gmd-10-1091-2017	doi:10.5194/gmd-10-1091-2017	6Wyy9yHE
doi:10.1175/BAMS-D-15-00268.1	doi:10.1175/BAMS-D-15-00268.1	doi:10.1175/bams-d-15-00268.1	srCk3MOg
doi:10.1098/rsta.2005.1676	doi:10.1098/rsta.2005.1676	doi:10.1098/rsta.2005.1676	W9oDZEsu
doi:10.1002/qj.49712757202	doi:10.1002/qj.49712757202	doi:10.1002/qj.49712757202	kWNWBtHV
doi:10.1016/j.ocemod.2014.04.002	doi:10.1016/j.ocemod.2014.04.002	doi:10.1016/j.ocemod.2014.04.002	cvErSC4J
doi:10.1016/j.ocemod.2014.06.002	doi:10.1016/j.ocemod.2014.06.002	doi:10.1016/j.ocemod.2014.06.002	r8MymJMT
doi:10.1098/rsta.2008.0059	doi:10.1098/rsta.2008.0059	doi:10.1098/rsta.2008.0059	1GDCydxE3
doi:10.1175/BAMS-D-17-0040.1	doi:10.1175/BAMS-D-17-0040.1	doi:10.1175/bams-d-17-0040.1	15o7Vee83
doi:10.5194/gmd-8-1285-2015	doi:10.5194/gmd-8-1285-2015	doi:10.5194/gmd-8-1285-2015	yu1a4S7y
doi:10.1175/JCLI-D-16-0539.1	doi:10.1175/JCLI-D-16-0539.1	doi:10.1175/jcli-d-16-0539.1	H5SgaObB
doi:10/cm4fhf	doi:10/cm4fhf	doi:10.1016/s0893-6080(03)00027-3	Z67yKZ2P
doi:10.1029/2006RG000200	doi:10.1029/2006RG000200	doi:10.1029/2006rg000200	Nes4nFN9
isbn:0-521-45071-3	isbn:0-521-45071-3	isbn:9780521450713	1FZjqePOZ
arxiv:1607.03597	arxiv:1607.03597	arxiv:1607.03597	14ChiN9DR
doi:10.1029/2018MS001472	doi:10.1029/2018MS001472	doi:10.1029/2018ms001472	13FMEVO0K
doi:10.1029/2020GL088376	doi:10.1029/2020GL088376	doi:10.1029/2020gl088376	RjnHgoPE
doi:10.1017/jfm.2016.803	doi:10.1017/jfm.2016.803	doi:10.1017/jfm.2016.803	E33675Ma
doi:10.1146/annurev-fluid-010719-060214	doi:10.1146/annurev-fluid-010719-060214	doi:10.1146/annurev-fluid-010719-060214	xOJKw7GQ
doi:10.1126/sciadv.1602614	doi:10.1126/sciadv.1602614	doi:10.1126/sciadv.1602614	ZaA7QBeu
arxiv:1806.07366	arxiv:1806.07366	arxiv:1806.07366	VAgOiaNS
arxiv:2001.04385	arxiv:2001.04385	arxiv:2001.04385	DBUvbeFG
arxiv:2009.02296	arxiv:2009.02296	arxiv:2009.02296	mCrgYDvu
arxiv:2006.13311	arxiv:2006.13311	arxiv:2006.13311	z5uXTNuf
doi:10.1016/j.neunet.2006.01.001	doi:10.1016/j.neunet.2006.01.001	doi:10.1016/j.neunet.2006.01.001	19K3s11K5
doi:10/bcq5xk	doi:10/bcq5xk	doi:10.1016/s1463-5003(02)00010-0	zWNk6qwv
doi:10.1016/j.neunet.2006.01.002	doi:10.1016/j.neunet.2006.01.002	doi:10.1016/j.neunet.2006.01.002	18qi79kTB
isbn:9780192802736	isbn:9780192802736	isbn:9780192802736	zPFa8ajQ
tag:these-cd	url:https://tel.archives-ouvertes.fr/tel-00679918/	url:https://tel.archives-ouvertes.fr/tel-00679918/	jaTRQiYt
doi:10.1016/B978-0-7506-4552-2.10013-7	doi:10.1016/B978-0-7506-4552-2.10013-7	doi:10.1016/b978-0-7506-4552-2.10013-7	Idh06HJR
doi:10.1017/S0954102004002251	doi:10.1017/S0954102004002251	doi:10.1017/s0954102004002251	1C1q4lcSR
doi:10.1357/002224002762341230	doi:10.1357/002224002762341230	doi:10.1357/002224002762341230	17NmXhrzn
doi:10.1038/ngeo1391	doi:10.1038/ngeo1391	doi:10.1038/ngeo1391	DWHCQSYG
doi:10.1175/JPO-D-12-0121.1	doi:10.1175/JPO-D-12-0121.1	doi:10.1175/jpo-d-12-0121.1	1B6WafdKD
doi:10.1017/S095410200400224X	doi:10.1017/S095410200400224X	doi:10.1017/s095410200400224x	bNK6pmf5
doi:10/c3ztfm	doi:10/c3ztfm	doi:10.1175/1520-0485(1997)027<0005:akebai>2.0.co;2	pKTh3pOH
doi:10.1016/j.pocean.2006.07.004	doi:10.1016/j.pocean.2006.07.004	doi:10.1016/j.pocean.2006.07.004	EZ8KkBw6
doi:10.1175/2008JPO3878.1	doi:10.1175/2008JPO3878.1	doi:10.1175/2008jpo3878.1	GoOj1MSI
doi:10.5194/os-3-491-2007	doi:10.5194/os-3-491-2007	doi:10.5194/os-3-491-2007	yr7XZA61
doi:10.1098/rsta.2013.0057	doi:10.1098/rsta.2013.0057	doi:10.1098/rsta.2013.0057	hdatz4LS
doi:10/fsp92c	doi:10/fsp92c	doi:10.1175/1520-0485(1998)028<1832:otosls>2.0.co;2	f3PNNOio
doi:10.1357/002224011798765286	doi:10.1357/002224011798765286	doi:10.1357/002224011798765286	j8QT5ROw
doi:10.1029/2008GB003349	doi:10.1029/2008GB003349	doi:10.1029/2008gb003349	fNhkuABD
doi:10.5479/si.9781935623069.175	doi:10.5479/si.9781935623069.175	doi:10.5479/si.9781935623069.175	s4DWfX4t
doi:10.1016/B978-0-12-391851-2.00018-0	doi:10.1016/B978-0-12-391851-2.00018-0	doi:10.1016/b978-0-12-391851-2.00018-0	ZRtaSZd3
isbn:9780948277276	isbn:9780948277276	isbn:9780948277276	ayUDGv6p
doi:10.1038/ngeo362	doi:10.1038/ngeo362	doi:10.1038/ngeo362	yNqVmo2q
doi:10.1126/science.1065863	doi:10.1126/science.1065863	doi:10.1126/science.1065863	YqL7O5Y9
doi:10.1175/2008JCLI2131.1	doi:10.1175/2008JCLI2131.1	doi:10.1175/2008jcli2131.1	fUa6elz0
doi:10.1029/2010JC006832	doi:10.1029/2010JC006832	doi:10.1029/2010jc006832	KASfwvBa
doi:10.1175/2008JCLI2384.1	doi:10.1175/2008JCLI2384.1	doi:10.1175/2008jcli2384.1	RhT9l2O5
doi:10.1175/JCLI-D-12-00834.1	doi:10.1175/JCLI-D-12-00834.1	doi:10.1175/jcli-d-12-00834.1	JA95poTM
doi:10.1175/JPO-D-13-0217.1	doi:10.1175/JPO-D-13-0217.1	doi:10.1175/jpo-d-13-0217.1	cfQrv7or
doi:10.1002/2014JC010470	doi:10.1002/2014JC010470	doi:10.1002/2014jc010470	Z5X7RD5o
doi:10.1029/2004GL021169	doi:10.1029/2004GL021169	doi:10.1029/2004gl021169	jBBYlGJB
doi:10.1017/CBO9781107415324.010	doi:10.1017/CBO9781107415324.010	doi:10.1017/cbo9781107415324.010	rfwTEvBJ
doi:10.1098/rsta.2013.0269	doi:10.1098/rsta.2013.0269	doi:10.1098/rsta.2013.0269	1A3r03Hq1
doi:10.1002/2013GL058921	doi:10.1002/2013GL058921	doi:10.1002/2013gl058921	1BTgLvreA
doi:10.1029/2007JC004257	doi:10.1029/2007JC004257	doi:10.1029/2007jc004257	vSOuqhMd
doi:10.5194/tc-6-871-2012	doi:10.5194/tc-6-871-2012	doi:10.5194/tc-6-871-2012	4Chep9SJ
doi:10.1029/2009GL037524	doi:10.1029/2009GL037524	doi:10.1029/2009gl037524	hxqo8pN0
doi:10.1126/science.1136188	doi:10.1126/science.1136188	doi:10.1126/science.1136188	InGFevLF
doi:10.5670/oceanog.2012.71	doi:10.5670/oceanog.2012.71	doi:10.5670/oceanog.2012.71	EQkY27fP
doi:10.1016/j.dsr.2011.12.003	doi:10.1016/j.dsr.2011.12.003	doi:10.1016/j.dsr.2011.12.003	x4hkPVK7
doi:10.5194/bg-12-1285-2015	doi:10.5194/bg-12-1285-2015	doi:10.5194/bg-12-1285-2015	ujNkrU18
doi:10.1016/j.rse.2013.01.014	doi:10.1016/j.rse.2013.01.014	doi:10.1016/j.rse.2013.01.014	16Dt67Exq
doi:10.1146/annurev-marine-010419-011028	doi:10.1146/annurev-marine-010419-011028	doi:10.1146/annurev-marine-010419-011028	167ObFhLt
doi:10.1038/NGEO1296	doi:10.1038/NGEO1296	doi:10.1038/ngeo1296	S2w0d99B
doi:10.1029/2009GM000924	doi:10.1029/2009GM000924	doi:10.1029/2009gm000924	ncmA10NP
doi:10.1175/JPO2913.1	doi:10.1175/JPO2913.1	doi:10.1175/jpo2913.1	C7jOoDZM
doi:10.1029/2006GB002916	doi:10.1029/2006GB002916	doi:10.1029/2006gb002916	ce1NaNX7
doi:10.1038/ngeo812	doi:10.1038/ngeo812	doi:10.1038/ngeo812	UUCtG6pa
doi:10.1029/2004JC002403	doi:10.1029/2004JC002403	doi:10.1029/2004jc002403	VsZyMXvC
doi:10.1002/2017GL074319	doi:10.1002/2017GL074319	doi:10.1002/2017gl074319	mEeaXEol
doi:10.1029/2006gl026499	doi:10.1029/2006gl026499	doi:10.1029/2006gl026499	B5tMqv3J
doi:10.1175/2009JCLI2640.1	doi:10.1175/2009JCLI2640.1	doi:10.1175/2009jcli2640.1	bGTAW4xx
doi:10.1175/JPO2980.1	doi:10.1175/JPO2980.1	doi:10.1175/jpo2980.1	YIs1muh3
doi:10.1175/2010JPO4353.1	doi:10.1175/2010JPO4353.1	doi:10.1175/2010jpo4353.1	NyUHCmwX
doi:10.1029/2006GL026499	doi:10.1029/2006GL026499	doi:10.1029/2006gl026499	B5tMqv3J
doi:10.1175/2007JCLI1925.1	doi:10.1175/2007JCLI1925.1	doi:10.1175/2007jcli1925.1	LjUFdkJp
doi:10.1175/JPO-D-12-057.1	doi:10.1175/JPO-D-12-057.1	doi:10.1175/jpo-d-12-057.1	74g4UJMs
doi:10.1175/JPO-D-11-023.1	doi:10.1175/JPO-D-11-023.1	doi:10.1175/jpo-d-11-023.1	GvG0ANFn
doi:10.1016/j.ocemod.2010.05.005	doi:10.1016/j.ocemod.2010.05.005	doi:10.1016/j.ocemod.2010.05.005	1CGK9FitH
doi:10.1175/JCLI-D-11-00309.1	doi:10.1175/JCLI-D-11-00309.1	doi:10.1175/jcli-d-11-00309.1	IUYZbdds
doi:10.1175/JPO-D-12-0178.1	doi:10.1175/JPO-D-12-0178.1	doi:10.1175/jpo-d-12-0178.1	kdq0TFue
doi:10.1175/JPO2649.1	doi:10.1175/JPO2649.1	doi:10.1175/jpo2649.1	m3nDaTvE
doi:10.1175/JPO3113.1	doi:10.1175/JPO3113.1	doi:10.1175/jpo3113.1	ZHYwP92B
doi:10.1002/gbc.20090	doi:10.1002/gbc.20090	doi:10.1002/gbc.20090	XBQfKNbw
doi:10.1038/s41598-017-17292-3	doi:10.1038/s41598-017-17292-3	doi:10.1038/s41598-017-17292-3	Q5wGCq4i
doi:10.1175/JPO-D-13-091.1	doi:10.1175/JPO-D-13-091.1	doi:10.1175/jpo-d-13-091.1	l3fIekeM
doi:10.1175/JPO-D-12-03.1	doi:10.1175/JPO-D-12-03.1	doi:10.1175/jpo-d-12-03.1	lZe1RbVZ
doi:10.5194/gmd-13-5465-2020	doi:10.5194/gmd-13-5465-2020	doi:10.5194/gmd-13-5465-2020	rTuzOM5K
tag:these-gm	url:https://tel.archives-ouvertes.fr/tel-01551769/	url:https://tel.archives-ouvertes.fr/tel-01551769/	u8FBiuw
tag:these-nm	url:https://tel.archives-ouvertes.fr/tel-01760438	url:https://tel.archives-ouvertes.fr/tel-01760438	M85BmlCV
doi:10.1038/nature19101	doi:10.1038/nature19101	doi:10.1038/nature19101	vIZVvA32
doi:10.1038/s41467-018-04101-2	doi:10.1038/s41467-018-04101-2	doi:10.1038/s41467-018-04101-2	lKjeG44P
doi:10.1038/srep35473	doi:10.1038/srep35473	doi:10.1038/srep35473	GI6Xj2OD
isbn:9780309214698	isbn:9780309214698	isbn:9780309214698	12hhtp5Ld
url:http://talleylab.ucsd.edu/ltalley/sio210/Southern	url:http://talleylab.ucsd.edu/ltalley/sio210/Southern	url:http://talleylab.ucsd.edu/ltalley/sio210/Southern	XhD65hnv
doi:10/bfstwx	doi:10/bfstwx	doi:10.1175/1520-0442(2003)016<4134:titsam>2.0.co;2	8ujf9hFa
doi:10.1002/joc.3558	doi:10.1002/joc.3558	doi:10.1002/joc.3558	1ru4z5Mr
doi:10.1002/2016JD025305	doi:10.1002/2016JD025305	doi:10.1002/2016jd025305	paC6xqc
doi:10.1175/BAMS-D-14-00018.1	doi:10.1175/BAMS-D-14-00018.1	doi:10.1175/bams-d-14-00018.1	GF7XERGt
doi:10.1073/pnas.1906556116	doi:10.1073/pnas.1906556116	doi:10.1073/pnas.1906556116	5g1cxDFM
doi:10.1371/journal.pone.0064756	doi:10.1371/journal.pone.0064756	doi:10.1371/journal.pone.0064756	vAiPJJcm
doi:10.1029/2007JC004269	doi:10.1029/2007JC004269	doi:10.1029/2007jc004269	JUsc37DB
doi:10.1029/2012JC008141	doi:10.1029/2012JC008141	doi:10.1029/2012jc008141	V4e2paGj
doi:10.1016/j.ocemod.2013.01.003	doi:10.1016/j.ocemod.2013.01.003	doi:10.1016/j.ocemod.2013.01.003	ro9ywNGB
doi:10.1175/JCLI-D-13-00301.1	doi:10.1175/JCLI-D-13-00301.1	doi:10.1175/jcli-d-13-00301.1	utUjgxoP
doi:10.1175/JCLI-D-11-00612.1	doi:10.1175/JCLI-D-11-00612.1	doi:10.1175/jcli-d-11-00612.1	DfPI7TPX
doi:10.1029/2005GL024042	doi:10.1029/2005GL024042	doi:10.1029/2005gl024042	ZM2xuByY
doi:10.1038/ngeo1188	doi:10.1038/ngeo1188	doi:10.1038/ngeo1188	siIwlt0G
doi:10.1038/nclimate2132	doi:10.1038/nclimate2132	doi:10.1038/nclimate2132	e5q2XCJG
doi:10.1038/nature08471	doi:10.1038/nature08471	doi:10.1038/nature08471	rxmBtdOk
doi:10.1029/2011GL046583	doi:10.1029/2011GL046583	doi:10.1029/2011gl046583	pevBsrq
doi:10.1002/9781118786352.wbieg0567	doi:10.1002/9781118786352.wbieg0567	doi:10.1002/9781118786352.wbieg0567	x3QlBdvE
doi:10.3189/S0022143000023327	doi:10.3189/S0022143000023327	doi:10.3189/s0022143000023327	ZhUrKrrW
doi:10.1126/science.1249055	doi:10.1126/science.1249055	doi:10.1126/science.1249055	5HW5nUd0
doi:10.1038/nature12567	doi:10.1038/nature12567	doi:10.1038/nature12567	DFofqo52
doi:10.1073/pnas.1415137112	doi:10.1073/pnas.1415137112	doi:10.1073/pnas.1415137112	cZHFFD7f
doi:10.1002/2014GL060613	doi:10.1002/2014GL060613	doi:10.1002/2014gl060613	ikMNotQF
doi:10.1002/grl.50820	doi:10.1002/grl.50820	doi:10.1002/grl.50820	1Fts7OXnR
doi:10.1029/2000JC900086	doi:10.1029/2000JC900086	doi:10.1029/2000jc900086	1B8dcEwLk
doi:10.1038/ngeo1767	doi:10.1038/ngeo1767	doi:10.1038/ngeo1767	e7TsNxzy
doi:10.1016/j.ocemod.2010.05.001	doi:10.1016/j.ocemod.2010.05.001	doi:10.1016/j.ocemod.2010.05.001	eXl1q8wy
doi:10.1016/j.ocemod.2016.05.001	doi:10.1016/j.ocemod.2016.05.001	doi:10.1016/j.ocemod.2016.05.001	V48cXdj
doi:10.1016/j.ocemod.2018.07.002	doi:10.1016/j.ocemod.2018.07.002	doi:10.1016/j.ocemod.2018.07.002	11XBM9WLm
doi:10.1016/j.ocemod.2017.11.009	doi:10.1016/j.ocemod.2017.11.009	doi:10.1016/j.ocemod.2017.11.009	uEtt821g
doi:10.1126/science.1228102	doi:10.1126/science.1228102	doi:10.1126/science.1228102	1CxJMQjCC
doi:10.1126/science.1128243	doi:10.1126/science.1128243	doi:10.1126/science.1128243	ps5wXmm4
doi:10.1029/2003GL018732	doi:10.1029/2003GL018732	doi:10.1029/2003gl018732	JErGD3fk
doi:10.1016/j.ocemod.2018.11.001	doi:10.1016/j.ocemod.2018.11.001	doi:10.1016/j.ocemod.2018.11.001	fL1FFJ4l
doi:10.5194/gmd-8-1547-2015	doi:10.5194/gmd-8-1547-2015	doi:10.5194/gmd-8-1547-2015	bS4crRXP
doi:10.1029/2018GL077676	doi:10.1029/2018GL077676	doi:10.1029/2018gl077676	yvRgQEpU
doi:10.1002/2016JC012509	doi:10.1002/2016JC012509	doi:10.1002/2016jc012509	YBciqC5
doi:10.1002/2017JC013059	doi:10.1002/2017JC013059	doi:10.1002/2017jc013059	q2I3Xy1a
tag:these-aj	url:https://tel.archives-ouvertes.fr/tel-02861906	url:https://tel.archives-ouvertes.fr/tel-02861906	XsziGa9h
doi:10.1017/CBO9780511801198	doi:10.1017/CBO9780511801198	doi:10.1017/cbo9780511801198	FEPndNhH
doi:10.1175/JPO-D-15-0244.1	doi:10.1175/JPO-D-15-0244.1	doi:10.1175/jpo-d-15-0244.1	BFOVrsCH
doi:10.1146/annurev.earth.32.071603.152635	doi:10.1146/annurev.earth.32.071603.152635	doi:10.1146/annurev.earth.32.071603.152635	3IF6s5yv
doi:10.1016/j.ocemod.2016.02.005	doi:10.1016/j.ocemod.2016.02.005	doi:10.1016/j.ocemod.2016.02.005	3pCOarYo
doi:10.1175/JPO-D-16-0086.1	doi:10.1175/JPO-D-16-0086.1	doi:10.1175/jpo-d-16-0086.1	WMm76oqh
doi:10.1146/annurev.fluid.40.111406.102139	doi:10.1146/annurev.fluid.40.111406.102139	doi:10.1146/annurev.fluid.40.111406.102139	TU6TL3AB
doi:10.1038/ngeo1657	doi:10.1038/ngeo1657	doi:10.1038/ngeo1657	1523Zbz4t
doi:10.1146/annurev.fluid.36.050802.122121	doi:10.1146/annurev.fluid.36.050802.122121	doi:10.1146/annurev.fluid.36.050802.122121	EIj1VyrB
doi:10.1017/9781107588417	doi:10.1017/9781107588417	doi:10.1017/9781107588417	2uXgNSgj
doi:10.1146/annurev.earth.26.1.219	doi:10.1146/annurev.earth.26.1.219	doi:10.1146/annurev.earth.26.1.219	ohEjYKqn
doi:csd3g6	doi:csd3g6	doi:csd3g6	qaHr59Au
doi:10.1175/JPO2771.1	doi:10.1175/JPO2771.1	doi:10.1175/jpo2771.1	3bp9TTvb
doi:10.1029/2017JC013516	doi:10.1029/2017JC013516	doi:10.1029/2017jc013516	1EJImFnPI
doi:10/fw9pdr	doi:10/fw9pdr	doi:10.1175/1520-0485(2002)032<1699:tsaeom>2.0.co;2	2QxB35IJ
doi:10.1175/JPO3027.1	doi:10.1175/JPO3027.1	doi:10.1175/jpo3027.1	AGDRNqHU
doi:10.1175/2011JPO4404.1	doi:10.1175/2011JPO4404.1	doi:10.1175/2011jpo4404.1	M9w7aZfV
doi:10.1029/2006GL027813	doi:10.1029/2006GL027813	doi:10.1029/2006gl027813	1As6fpnSd
doi:10.3390/fluids2030045	doi:10.3390/fluids2030045	doi:10.3390/fluids2030045	mVYTjhyC
doi:10.1175/JPO-D-19-0034.1	doi:10.1175/JPO-D-19-0034.1	doi:10.1175/jpo-d-19-0034.1	mTGrFSU3
doi:10.1029/2018EA000492	doi:10.1029/2018EA000492	doi:10.1029/2018ea000492	4NNGCzgh
doi:10.1175/JPO-D-14-0071.1	doi:10.1175/JPO-D-14-0071.1	doi:10.1175/jpo-d-14-0071.1	qMMJVLT
doi:10.1007/s10236-017-1083-y	doi:10.1007/s10236-017-1083-y	doi:10.1007/s10236-017-1083-y	HggLbHiD
doi:10.1175/JPO-D-16-0117.1	doi:10.1175/JPO-D-16-0117.1	doi:10.1175/jpo-d-16-0117.1	wJpnyvXt
doi:10.1175/JPO-D-14-0205.1	doi:10.1175/JPO-D-14-0205.1	doi:10.1175/jpo-d-14-0205.1	AbzQKJr3
doi:10.1175/2008JPO3810.1	doi:10.1175/2008JPO3810.1	doi:10.1175/2008jpo3810.1	Qy9l0jje
doi:10.1038/ncomms6636	doi:10.1038/ncomms6636	doi:10.1038/ncomms6636	1Xyor5Hi
doi:10.1002/2016GL071349	doi:10.1002/2016GL071349	doi:10.1002/2016gl071349	Xzvh19by
doi:10.1016/j.ocemod.2015.05.002	doi:10.1016/j.ocemod.2015.05.002	doi:10.1016/j.ocemod.2015.05.002	1NaEN2Nh
doi:10.1038/ncomms7862	doi:10.1038/ncomms7862	doi:10.1038/ncomms7862	178qyZRQD
doi:10.1175/JPO-D-15-0170.1	doi:10.1175/JPO-D-15-0170.1	doi:10.1175/jpo-d-15-0170.1	sjY93joS
doi:10.1002/2016GL068009	doi:10.1002/2016GL068009	doi:10.1002/2016gl068009	1DmIrEQie
doi:10.1029/2019MS001724	doi:10.1029/2019MS001724	doi:10.1029/2019ms001724	adSwpJa6
doi:10.1029/2020GL087388	doi:10.1029/2020GL087388	doi:10.1029/2020gl087388	17pzE7vT3
doi:10.1146/annurev-marine-010814-015746	doi:10.1146/annurev-marine-010814-015746	doi:10.1146/annurev-marine-010814-015746	KBJqwBkj
doi:10.1017/jfm.2020.510	doi:10.1017/jfm.2020.510	doi:10.1017/jfm.2020.510	hmxg5Fwn
doi:10.1017/jfm.2019.465	doi:10.1017/jfm.2019.465	doi:10.1017/jfm.2019.465	4zOGddp4
doi:10.1103/PhysRevFluids.5.014801	doi:10.1103/PhysRevFluids.5.014801	doi:10.1103/physrevfluids.5.014801	E9g7Uux1
doi:10.1017/jfm.2018.308	doi:10.1017/jfm.2018.308	doi:10.1017/jfm.2018.308	Am2lHjlf
doi:10.1007/s10236-017-1088-6	doi:10.1007/s10236-017-1088-6	doi:10.1007/s10236-017-1088-6	15pVDN5iT
doi:10.1029/2018GL081848	doi:10.1029/2018GL081848	doi:10.1029/2018gl081848	gTRRQNZr
doi:10.1029/2019GL083675	doi:10.1029/2019GL083675	doi:10.1029/2019gl083675	13Vb7Yqow
doi:10.1016/j.ocemod.2017.10.006	doi:10.1016/j.ocemod.2017.10.006	doi:10.1016/j.ocemod.2017.10.006	1E9h4czjP
doi:10.1002/2017JC013400	doi:10.1002/2017JC013400	doi:10.1002/2017jc013400	HtEwHsC2
doi:10.1175/JPO-D-20-0052.1	doi:10.1175/JPO-D-20-0052.1	doi:10.1175/jpo-d-20-0052.1	QqHTV9Cl
doi:10.1029/2018JC014140	doi:10.1029/2018JC014140	doi:10.1029/2018jc014140	1Gv5z6kvv
doi:10.3390/rs11111336	doi:10.3390/rs11111336	doi:10.3390/rs11111336	4vnsME8d
doi:10.31223/osf.io/yzj9v	doi:10.31223/osf.io/yzj9v	doi:10.31223/osf.io/yzj9v	Ppf1YcyC
doi:10.3390/rs12040734	doi:10.3390/rs12040734	doi:10.3390/rs12040734	NbsubMP5
doi:10.5281/zenodo.4032732	doi:10.5281/zenodo.4032732	doi:10.5281/zenodo.4032732	1Eq2nvdBF
doi:10.1029/2019JC015827	doi:10.1029/2019JC015827	doi:10.1029/2019jc015827	1BSABxXI4
doi:10.1002/essoar.10501077.1	doi:10.1002/essoar.10501077.1	doi:10.1002/essoar.10501077.1	11zCXj7vn
doi:10.1017/jfm.2019.300	doi:10.1017/jfm.2019.300	doi:10.1017/jfm.2019.300	SJkxrwof
doi:10.1029/2020MS002090	doi:10.1029/2020MS002090	doi:10.1029/2020ms002090	15yaLbry2
doi:10.1002/essoar.10504082.1	doi:10.1002/essoar.10504082.1	doi:10.1002/essoar.10504082.1	SnCClNEO
doi:10.1029/2019MS001801	doi:10.1029/2019MS001801	doi:10.1029/2019ms001801	VCAULOnN
doi:10.1016/j.ocemod.2015.09.005	doi:10.1016/j.ocemod.2015.09.005	doi:10.1016/j.ocemod.2015.09.005	E0Nq7S05
doi:10.1029/2011GL048401	doi:10.1029/2011GL048401	doi:10.1029/2011gl048401	10DhmyCRX
doi:10.1016/j.ocemod.2008.11.007	doi:10.1016/j.ocemod.2008.11.007	doi:10.1016/j.ocemod.2008.11.007	14LONx0YR
doi:10.5194/os-3-509-2007	doi:10.5194/os-3-509-2007	doi:10.5194/os-3-509-2007	yT8ycm4C
doi:10.1007/s10236-006-0082-1	doi:10.1007/s10236-006-0082-1	doi:10.1007/s10236-006-0082-1	VkiU5pVu
doi:10.5194/gmd-2019-341	doi:10.5194/gmd-2019-341	doi:10.5194/gmd-2019-341	IMeujuB0
doi:10.1063/1.4813812	doi:10.1063/1.4813812	doi:10.1063/1.4813812	8CRcOVNG
doi:10.1016/j.ocemod.2011.03.007	doi:10.1016/j.ocemod.2011.03.007	doi:10.1016/j.ocemod.2011.03.007	1Bj6s1t2P
doi:10.1175/JPO-D-14-0259.1	doi:10.1175/JPO-D-14-0259.1	doi:10.1175/jpo-d-14-0259.1	J6DoyYbs
doi:10.1175/JPO-D-14-0201.1	doi:10.1175/JPO-D-14-0201.1	doi:10.1175/jpo-d-14-0201.1	9ffNpzw6
doi:10.1007/s10236-012-0531-y	doi:10.1007/s10236-012-0531-y	doi:10.1007/s10236-012-0531-y	lx7Lg849
doi:10.1175/2010JPO4364.1	doi:10.1175/2010JPO4364.1	doi:10.1175/2010jpo4364.1	1203Z7RsT
doi:10.1029/2009GL038227	doi:10.1029/2009GL038227	doi:10.1029/2009gl038227	nTCUaUWm
doi:10.5194/osd-4-653-2007	doi:10.5194/osd-4-653-2007	doi:10.5194/osd-4-653-2007	wpruDtsn
doi:10.1016/j.dsr2.2014.01.017	doi:10.1016/j.dsr2.2014.01.017	doi:10.1016/j.dsr2.2014.01.017	Vyh6n3vi
doi:10.1002/2015JC011115	doi:10.1002/2015JC011115	doi:10.1002/2015jc011115	iYil0rJk
doi:10.1175/JTECH-D-16-0048.1	doi:10.1175/JTECH-D-16-0048.1	doi:10.1175/jtech-d-16-0048.1	Dm3S5cby
doi:10.3390/rs10040599	doi:10.3390/rs10040599	doi:10.3390/rs10040599	3gAOh6ao
doi:10.1175/JTECH-D-20-0001.1	doi:10.1175/JTECH-D-20-0001.1	doi:10.1175/jtech-d-20-0001.1	RnZWvdOj
doi:10.3389/fmars.2019.00822	doi:10.3389/fmars.2019.00822	doi:10.3389/fmars.2019.00822	11SrwE3dG
